Nome,Cognome,Nickname,Paese,Guadagni,Gioco,Genere
Thiago,Lapp,kinG,Argentina,1021000,Fortnite,Battle Royale
David,Wang,Aqua,Austria,1923774.23,Fortnite,Battle Royale
Klaus,Konstanzer,stompy,Austria,492271.94,Fortnite,Battle Royale
Thomas,Hörak,Tschiiinken,Austria,326176.94,Fortnite,Battle Royale
Anathan,Pham,ana,Australia,6000411.96,Dota 2,Multiplayer Online Battle Arena
Damien,Chok,kpii,Australia,1809225.3,Dota 2,Multiplayer Online Battle Arena
Scott,Kennedy,Custa,Australia,53759.68,Overwatch,First-Person Shooter
Liam,Simpson,Arcaner,Australia,57228,Heroes of the Storm,Multiplayer Online Battle Arena
Luke,Newey,Luke12,Australia,79049.82,PUBG,Battle Royale
Nikola,Kovač,NiKo,Bosnia,762802.56,Counter-Strike Global Offensive,First-Person Shooter
Adil,Benrlitom,ScreaM,Belgio,249663.46,Counter-Strike Global Offensive,First-Person Shooter
Gabriël,Rau,Bwipo,Belgio,287279.5,League of Legends,Multiplayer Online Battle Arena
Stephan,,Suezhoo,Belgio,341250,Fortnite,Battle Royale
Klaivert,Dervishi,Teeqzy,Belgio,179596.3,Fortnite,Battle Royale
Howard,Castiaux,Noward,Belgio,172385.27,Fortnite,Battle Royale
Cvetelin,Nikolov,CeRq,Bulgaria,375765.04,Counter-Strike Global Offensive,First-Person Shooter
Valentin,Vasilev,poiz0n,Bulgaria,260987.54,Counter-Strike Global Offensive,First-Person Shooter
Ivan,Ivanov,MinD_ContRoL,Bulgaria,4579118.16,Dota 2,Multiplayer Online Battle Arena
Zdravec,Gulubov,Hylissang,Bulgaria,325910.24,League of Legends,Multiplayer Online Battle Arena
Lyubomir,Kozlovski,Splendour,Bulgaria,106462.18,Heroes of the Storm,Multiplayer Online Battle Arena
Alexander,Milanov,ethernal,Bulgaria,93149.29,Heroes of the Storm,Multiplayer Online Battle Arena
Epitácio,de Melo,TACO,Brasile,1063858.27,Counter-Strike Global Offensive,First-Person Shooter
Fernando,Alvarenga,fer,Brasile,1063038.92,Counter-Strike Global Offensive,First-Person Shooter
Gabriel,Toledo,FalleN,Brasile,1059938.92,Counter-Strike Global Offensive,First-Person Shooter
Marcelo,David,coldzera,Brasile,1021901.46,Counter-Strike Global Offensive,First-Person Shooter
Lincoln,Lau,fnx,Brasile,387551.81,Counter-Strike Global Offensive,First-Person Shooter
Ricardo,Prass,boltz,Brasile,382208.97,Counter-Strike Global Offensive,First-Person Shooter
João,Vasconcellos,felps,Brasile,323127.22,Counter-Strike Global Offensive,First-Person Shooter
Henrique,Teles,hen1,Brasile,256374.45,Counter-Strike Global Offensive,First-Person Shooter
João Pedro,Telles,Hydration,Brasile,61460.24,Overwatch,First-Person Shooter
Artem,Barshack,fng,Bielorussia,591271.39,Dota 2,Multiplayer Online Battle Arena
Artur,Kurshin,7ssk7,Bielorussia,188358.03,Fortnite,Battle Royale
Keith,Markovic,NAF,Canada,982765.66,Counter-Strike Global Offensive,First-Person Shooter
Russel,Van Dulken,Twistzz,Canada,835376.43,Counter-Strike Global Offensive,First-Person Shooter
Peter,Jarguz,stanislaw,Canada,481487.38,Counter-Strike Global Offensive,First-Person Shooter
Damian,Steele,daps,Canada,260797.63,Counter-Strike Global Offensive,First-Person Shooter
Artour,Babaev,Arteezy,Canada,2257053.21,Dota 2,Multiplayer Online Battle Arena
Kurtis,Ling,Aui_2000,Canada,2006311.11,Dota 2,Multiplayer Online Battle Arena
Jacky,Mao,EternaLEnVy,Canada,987072.69,Dota 2,Multiplayer Online Battle Arena
David,Tan,MoonMeander,Canada,845345.4,Dota 2,Multiplayer Online Battle Arena
Jason,Tran,WildTurtle,Canada,182066.13,League of Legends,Multiplayer Online Battle Arena
Williams,Aubin,Zayt,Canada,1186189.75,Fortnite,Battle Royale
Tyler,-,hiimtylerh,Canada,341250,Fortnite,Battle Royale
William,Paquin-Brien,Fatch,Canada,228500,Fortnite,Battle Royale
Sean,Close,Sean,Canada,174733.33,Fortnite,Battle Royale
Evan,Barron,Cented,Canada,160410.62,Fortnite,Battle Royale
David,Bois,LeNain,Canada,158350,Fortnite,Battle Royale
Lane,Roberts,Surefour,Canada,82724.04,Overwatch,First-Person Shooter
Brady,Girardi,Agilities,Canada,62069.85,Overwatch,First-Person Shooter
Joe,Gramano,Joemeister,Canada,55676.28,Overwatch,First-Person Shooter
Francisco,Avalos,Goku,Canada,64112.6,Heroes of the Storm,Multiplayer Online Battle Arena
Kyle,Belaiche,Prismaticism,Canada,60502.6,Heroes of the Storm,Multiplayer Online Battle Arena
Jerome,Tanguay,KilluZiioN,Canada,56726.85,Heroes of the Storm,Multiplayer Online Battle Arena
Merek,Kangas,zugrug,Canada,51636.85,Heroes of the Storm,Multiplayer Online Battle Arena
Luke,Laing,Meluke,Canada,159650.52,PUBG,Battle Royale
Thierry,Kaltenback,Kaymind,Canada,113573,PUBG,Battle Royale
Mehmood Amin,Askar,Moody,Canada,81360.5,PUBG,Battle Royale
Cedrik,Lessard,DrasseL,Canada,58295.94,PUBG,Battle Royale
Duong,Huynh,Kinstaar,Svizzera,414258.4,Fortnite,Battle Royale
Pierre,Mesey,Vato,Svizzera,285707.09,Fortnite,Battle Royale
Karim,Benghalia,Aïrwaks,Svizzera,176598.27,Fortnite,Battle Royale
HaoWen,Xu,somebody,Cina,242273.51,Counter-Strike Global Offensive,First-Person Shooter
Lu,Yao,Somnus丶M,Cina,2984982.14,Dota 2,Multiplayer Online Battle Arena
Linsen,Xu,fy,Cina,2894690.34,Dota 2,Multiplayer Online Battle Arena
Chunyu,Wang,Ame,Cina,2244012.27,Dota 2,Multiplayer Online Battle Arena
Zhang,Yiping,y`,Cina,2097095.28,Dota 2,Multiplayer Online Battle Arena
Zhang,Ruida,Faith_bian,Cina,2078534.86,Dota 2,Multiplayer Online Battle Arena
Peng,Li,iceice,Cina,2002159.51,Dota 2,Multiplayer Online Battle Arena
Chu,Zeyu,Shadow,Cina,1982225.7,Dota 2,Multiplayer Online Battle Arena
Zhou,Yang,bLink,Cina,1960956.47,Dota 2,Multiplayer Online Battle Arena
Shenyi,Yang,Chalice,Cina,1848849.88,Dota 2,Multiplayer Online Battle Arena
Ning,Zhang,xiao8,Cina,1830094.33,Dota 2,Multiplayer Online Battle Arena
Liangzhi,Hu,KaKa,Cina,1787083.53,Dota 2,Multiplayer Online Battle Arena
Zhihao,Chen,Hao,Cina,1755205.74,Dota 2,Multiplayer Online Battle Arena
Hongda,Zeng,Faith,Cina,1745944.26,Dota 2,Multiplayer Online Battle Arena
Junhao,Xie,Super,Cina,1598492.49,Dota 2,Multiplayer Online Battle Arena
Chao,Lu,Fenrir,Cina,1402208.92,Dota 2,Multiplayer Online Battle Arena
Pan,Zhang,Mu,Cina,1386339.43,Dota 2,Multiplayer Online Battle Arena
Zhicheng,Zhang,LaNm,Cina,1348804.67,Dota 2,Multiplayer Online Battle Arena
Chun,Song,Sccc,Cina,1272450.74,Dota 2,Multiplayer Online Battle Arena
Wang,Jiao,Banana,Cina,1271085,Dota 2,Multiplayer Online Battle Arena
Xu,Han,Moogy,Cina,1221917.1,Dota 2,Multiplayer Online Battle Arena
Jiajun,Liu,Sylar,Cina,1212757.14,Dota 2,Multiplayer Online Battle Arena
Ren,Yangwei,eLeVeN,Cina,1211710.47,Dota 2,Multiplayer Online Battle Arena
Zhaohui,Wang,SanSheng,Cina,1202225.88,Dota 2,Multiplayer Online Battle Arena
Zhengzheng,Yao,Yao,Cina,1186002.61,Dota 2,Multiplayer Online Battle Arena
Zengrong,Lei,MMY!,Cina,1100271.44,Dota 2,Multiplayer Online Battle Arena
Bin,Fu,Q,Cina,1081544.74,Dota 2,Multiplayer Online Battle Arena
Chengjun,Zhang,Paparazi,Cina,1001723.8,Dota 2,Multiplayer Online Battle Arena
Zheng,Sun,Agressif,Cina,871452.21,Dota 2,Multiplayer Online Battle Arena
Zhilei,Xu,BurNIng,Cina,865656.21,Dota 2,Multiplayer Online Battle Arena
Jiaoyang,Zeng,Ori,Cina,830696.89,Dota 2,Multiplayer Online Battle Arena
Haiyang,Zhou,Yang,Cina,821961.68,Dota 2,Multiplayer Online Battle Arena
Peng,Du,Monet,Cina,813169.73,Dota 2,Multiplayer Online Battle Arena
Fan,Bai,rOtK,Cina,780761.31,Dota 2,Multiplayer Online Battle Arena
Xinzhou,Liu,garder,Cina,705536.2,Dota 2,Multiplayer Online Battle Arena
Zezhi,Chen,Xz,Cina,692327.42,Dota 2,Multiplayer Online Battle Arena
Jiwei,Huang,Shiki,Cina,653514.33,Dota 2,Multiplayer Online Battle Arena
Pan,Yi,Fade,Cina,641178.98,Dota 2,Multiplayer Online Battle Arena
Yongzheng,He,Inflame,Cina,601854.15,Dota 2,Multiplayer Online Battle Arena
Cong,Ding,Dy,Cina,594922.51,Dota 2,Multiplayer Online Battle Arena
Wen Bo,Yu,JackeyLove,Cina,682248.64,League of Legends,Multiplayer Online Battle Arena
Zhen Ning,Gao,Ning,Cina,566607.87,League of Legends,Multiplayer Online Battle Arena
Liu Yi,Wang,Baolan,Cina,548235.82,League of Legends,Multiplayer Online Battle Arena
Zihao,Jian,Uzi,Cina,545447.56,League of Legends,Multiplayer Online Battle Arena
Yuan Hao,Li,xiaohu,Cina,507800.58,League of Legends,Multiplayer Online Battle Arena
Shi Yu,Liu,Mlxg,Cina,472216.01,League of Legends,Multiplayer Online Battle Arena
Kai,Ming,ClearLove,Cina,471086.78,League of Legends,Multiplayer Online Battle Arena
Sen Ming,Shi,Ming,Cina,379664.5,League of Legends,Multiplayer Online Battle Arena
Jun Ze,Yan,letme,Cina,360201.28,League of Legends,Multiplayer Online Battle Arena
Ye,Tian,Meiko,Cina,337832.12,League of Legends,Multiplayer Online Battle Arena
Wei Xiang,Lin,Lwx,Cina,271901.75,League of Legends,Multiplayer Online Battle Arena
Tian Liang,Gao,Tian,Cina,268282.03,League of Legends,Multiplayer Online Battle Arena
Qing Song,Liu,Crisp,Cina,265601.98,League of Legends,Multiplayer Online Battle Arena
Yang,Tong,Koro1,Cina,260755.41,League of Legends,Multiplayer Online Battle Arena
Han Wei,Su,xiye,Cina,206587.79,League of Legends,Multiplayer Online Battle Arena
Yu Hao,Chen,Mouse,Cina,198089.09,League of Legends,Multiplayer Online Battle Arena
Zhihao,Liu,Zzitai,Cina,191889.12,League of Legends,Multiplayer Online Battle Arena
Ding,Zhuo,Knight,Cina,180858.29,League of Legends,Multiplayer Online Battle Arena
Jia Hao,Bai,369,Cina,173098.69,League of Legends,Multiplayer Online Battle Arena
Zhuojun,Feng,Fzzf,Cina,164821.18,League of Legends,Multiplayer Online Battle Arena
Ren Jie,Xiang,Condi,Cina,161938.75,League of Legends,Multiplayer Online Battle Arena
Chang Yu,Ke,957,Cina,159402.36,League of Legends,Multiplayer Online Battle Arena
Weida,Lu,Diya,Cina,83845.32,Overwatch,First-Person Shooter
Xu,Qiulin,guxue,Cina,59154.54,Overwatch,First-Person Shooter
Lunhan,Kang,XingC,Cina,122420.01,Heroes of the Storm,Multiplayer Online Battle Arena
Hanfei,Chen,Tiger,Cina,114207.06,Heroes of the Storm,Multiplayer Online Battle Arena
Kun,Fang,iDream,Cina,112337.16,Heroes of the Storm,Multiplayer Online Battle Arena
Zhihao,Wu,Tumi,Cina,112170.41,Heroes of the Storm,Multiplayer Online Battle Arena
Xiangzhi,Zheng,melodyC,Cina,106288.65,Heroes of the Storm,Multiplayer Online Battle Arena
Tuo,Li,NccCc,Cina,97833.37,Heroes of the Storm,Multiplayer Online Battle Arena
Lizhong,Zhou,Misaka,Cina,90136.72,Heroes of the Storm,Multiplayer Online Battle Arena
Li Wei,Sun,xiaOt,Cina,88040.91,Heroes of the Storm,Multiplayer Online Battle Arena
Guo,Jiayi,Gemini,Cina,87834.52,Heroes of the Storm,Multiplayer Online Battle Arena
Hao,Pu,m,Cina,86588.9,Heroes of the Storm,Multiplayer Online Battle Arena
Jing,Gu,Aloof,Cina,75648.35,Heroes of the Storm,Multiplayer Online Battle Arena
Jize,Song,sk,Cina,75380.4,Heroes of the Storm,Multiplayer Online Battle Arena
Jing,Chen,Xuyu,Cina,69791.28,Heroes of the Storm,Multiplayer Online Battle Arena
Zhihao,Zhang,zZH,Cina,60952.31,Heroes of the Storm,Multiplayer Online Battle Arena
Tianze,Chen,canjian,Cina,58569.42,Heroes of the Storm,Multiplayer Online Battle Arena
Qian,Li,Qx,Cina,57198.2,Heroes of the Storm,Multiplayer Online Battle Arena
Jiawei,Zhang,Kty,Cina,52978.13,Heroes of the Storm,Multiplayer Online Battle Arena
Gu,Junfeng,Wind,Cina,50549.34,Heroes of the Storm,Multiplayer Online Battle Arena
Hao,Yao,lionkk,Cina,205477.15,PUBG,Battle Royale
Yan,Wang,silentBT_,Cina,181549.66,PUBG,Battle Royale
Jinhai,Zhang,xiaohaixxxx,Cina,179906.29,PUBG,Battle Royale
Zhen,Wei,GodV,Cina,164612.66,PUBG,Battle Royale
Liangguang,Liao,xiaorong,Cina,163976.97,PUBG,Battle Royale
Zheng,Wu,Forever,Cina,119560.82,PUBG,Battle Royale
Xin,Wang,ZGGO1,Cina,112482.56,PUBG,Battle Royale
Daying,Wei,xxxLu,Cina,105935.34,PUBG,Battle Royale
Chuan,Yu,Summer,Cina,86922.9,PUBG,Battle Royale
Kang,Wang,shou,Cina,78178.8,PUBG,Battle Royale
Jiang Hua,Chen,shox,Cina,78178.8,PUBG,Battle Royale
Qicheng,Chen,BoLiang,Cina,67742.92,PUBG,Battle Royale
Xin,Lin,L1nnnn,Cina,67742.92,PUBG,Battle Royale
Ruilong,Deng,LongSkr,Cina,67742.92,PUBG,Battle Royale
Bohang,Li,JiaoYang,Cina,64373.86,PUBG,Battle Royale
,,Tide,Cina,64304.93,PUBG,Battle Royale
Yu-Ze,Sun,CPT,Cina,63636.03,PUBG,Battle Royale
,,DouM,Cina,62114.15,PUBG,Battle Royale
,,DJBOY,Cina,62114.15,PUBG,Battle Royale
,,LinShuNN,Cina,58710.01,PUBG,Battle Royale
Xin-hao,Pan,BaoLeiNB,Cina,58381.6,PUBG,Battle Royale
Pengcheng,Wang,jiaozhu,Cina,57157.65,PUBG,Battle Royale
Boyuan,Wang,Wang88,Cina,56537.65,PUBG,Battle Royale
,,Qmccc,Cina,55099.91,PUBG,Battle Royale
,,Dongdong,Cina,50678.6,PUBG,Battle Royale
,,067QAQ,Cina,48617.5,PUBG,Battle Royale
Daniel,Hernandez,Sharpshothd,Cuba,77092.86,PUBG,Battle Royale
,,oskar,Repubblica Ceca,335508.19,Counter-Strike Global Offensive,First-Person Shooter
Johannes,Wodarz,tabseN,Germania,247248.57,Counter-Strike Global Offensive,First-Person Shooter
Kuro,Takhasomi,KuroKy,Germania,5193382.81,Dota 2,Multiplayer Online Battle Arena
Adrian,Trinks,FATA,Germania,1314968.82,Dota 2,Multiplayer Online Battle Arena
Liam,Fillery,Kamo,Germania,197139.97,Fortnite,Battle Royale
Fabian,Real,Derox,Germania,195617.67,Fortnite,Battle Royale
Jannis,Matwin,JannisZ,Germania,188212.42,Fortnite,Battle Royale
Kevin,Fedjuschkin,Letshe,Germania,135928.06,Fortnite,Battle Royale
Dennis,Schneider,HasuObs,Germania,110050.76,Heroes of the Storm,Multiplayer Online Battle Arena
Ben,Bunk,Cattlepillar,Germania,105541.2,Heroes of the Storm,Multiplayer Online Battle Arena
Nils,Gebhardt,Nurok,Germania,102971.54,Heroes of the Storm,Multiplayer Online Battle Arena
Simon,Tabin,Darkmok,Germania,85535.96,Heroes of the Storm,Multiplayer Online Battle Arena
Dominic,Asal,Nic,Germania,69829.77,Heroes of the Storm,Multiplayer Online Battle Arena
Markus,Hanke,Blumbi,Germania,65525.96,Heroes of the Storm,Multiplayer Online Battle Arena
Christoph,Gowitzke,Cris,Germania,65516.28,Heroes of the Storm,Multiplayer Online Battle Arena
Magnus,Hartmann,udyRR,Germania,49761.3,PUBG,Battle Royale
René,Rehling,Braexco,Germania,49471.55,PUBG,Battle Royale
Peter,Rasmussen,dupreeh,Danimarca,1822989.41,Counter-Strike Global Offensive,First-Person Shooter
Andreas,Højsleth,Xyp9x,Danimarca,1799288.57,Counter-Strike Global Offensive,First-Person Shooter
Nicolai,Reedtz,dev1ce,Danimarca,1787489.88,Counter-Strike Global Offensive,First-Person Shooter
Lukas,Rossander,gla1ve,Danimarca,1652350.75,Counter-Strike Global Offensive,First-Person Shooter
Emil,Reif,Magisk,Danimarca,1416448.64,Counter-Strike Global Offensive,First-Person Shooter
Finn,Andersen,karrigan,Danimarca,964635.39,Counter-Strike Global Offensive,First-Person Shooter
Markus,Kjærbye,Kjaerbye,Danimarca,617000.5,Counter-Strike Global Offensive,First-Person Shooter
Renè,Borg,cajunb,Danimarca,417465.86,Counter-Strike Global Offensive,First-Person Shooter
Kristian,Wienecke,k0nfig,Danimarca,403005.81,Counter-Strike Global Offensive,First-Person Shooter
Mathias,Lauridsen,MSL,Danimarca,349557.33,Counter-Strike Global Offensive,First-Person Shooter
Philip,Aistrup,aizy,Danimarca,332671.67,Counter-Strike Global Offensive,First-Person Shooter
Valdemar,Vangså,Valde,Danimarca,323423.04,Counter-Strike Global Offensive,First-Person Shooter
Johan,Sundstein,N0tail,Danimarca,6952596.58,Dota 2,Multiplayer Online Battle Arena
Andreas,Nielsen,Cr1t,Danimarca,2007841.6,Dota 2,Multiplayer Online Battle Arena
Rasmus,Fillipsen,MiSeRy,Danimarca,1484921.92,Dota 2,Multiplayer Online Battle Arena
Marcus,Hoelgaard,Ace,Danimarca,734369.52,Dota 2,Multiplayer Online Battle Arena
Rasmus,Winther,Caps,Danimarca,458259.05,League of Legends,Multiplayer Online Battle Arena
Martin,Hansen,Wunder,Danimarca,336306.24,League of Legends,Multiplayer Online Battle Arena
Mads,Brock-Pedersen,Broxah,Danimarca,313654.08,League of Legends,Multiplayer Online Battle Arena
Nicolaj,Jensen,Jensen,Danimarca,265283.06,League of Legends,Multiplayer Online Battle Arena
Dennis,Johnsen,Svenskeren,Danimarca,257257.41,League of Legends,Multiplayer Online Battle Arena
Jesper,Svenningsen,Zven,Danimarca,250580.01,League of Legends,Multiplayer Online Battle Arena
Søren,Bjerg,Bjergsen,Danimarca,250222.7,League of Legends,Multiplayer Online Battle Arena
,,Zand,Danimarca,341250,Fortnite,Battle Royale
Adam,Boyer-Dræby,Boyer,Danimarca,210575.84,Fortnite,Battle Royale
Thomas,Davidsen,Th0masHD,Danimarca,188090,Fortnite,Battle Royale
Jonas Colkær,Thomsen,Klusia,Danimarca,136810,Fortnite,Battle Royale
Kenn Øster,Rasmussen,Zaelia,Danimarca,147500,Heroes of the Storm,Multiplayer Online Battle Arena
Alexander,Grumstrup,AlexTheProG,Danimarca,83962.45,Heroes of the Storm,Multiplayer Online Battle Arena
Martin,Rugh,Crozzby,Danimarca,50545.96,Heroes of the Storm,Multiplayer Online Battle Arena
Gustav,Blønd,GustavQQ,Danimarca,66517.5,PUBG,Battle Royale
Mathias,Larsen,Larsen,Danimarca,61350,PUBG,Battle Royale
Sebastian,Berendt,BALLOC,Danimarca,47090,PUBG,Battle Royale
Robin,Kool,ropz,Estonia,506010.74,Counter-Strike Global Offensive,First-Person Shooter
Clement,Ivanov,Puppey,Estonia,2864004.17,Dota 2,Multiplayer Online Battle Arena
Oscar,Cañellas,mixwell,Spagna,247538.65,Counter-Strike Global Offensive,First-Person Shooter
Alfonso,Aguirre Rodriguez,Mithy,Spagna,252718.89,League of Legends,Multiplayer Online Battle Arena
Enrique,Cedeño Martinez,xPeke,Spagna,166127.4,League of Legends,Multiplayer Online Battle Arena
Alberto,Gonzales Molinillo,neptuNo,Spagna,67619.01,Overwatch,First-Person Shooter
Jonathan,Rua,HarryHook,Spagna,58718.69,Overwatch,First-Person Shooter
Aleksi,Jalli,allu,Finlandia,418492.59,Counter-Strike Global Offensive,First-Person Shooter
Miikka,Kemppi,suNny,Finlandia,326080,Counter-Strike Global Offensive,First-Person Shooter
Aleksi,Virolainen,Aleksib,Finlandia,276730.92,Counter-Strike Global Offensive,First-Person Shooter
Jesse,Vainikka,JerAx,Finlandia,6470000.02,Dota 2,Multiplayer Online Battle Arena
Topias,Taavitsainen,Topson,Finlandia,5470902.57,Dota 2,Multiplayer Online Battle Arena
Lasse,Urpalainen,Matumbaman,Finlandia,3765369.04,Dota 2,Multiplayer Online Battle Arena
Lassi,Kallio,BELAEU,Finlandia,178610,Fortnite,Battle Royale
Jonas,Suovaara,Shaz,Finlandia,77723.5,Overwatch,First-Person Shooter
Benjamin,Isohanni,BigG00se,Finlandia,77014.11,Overwatch,First-Person Shooter
Joona,Laine,fragi,Finlandia,70255.34,Overwatch,First-Person Shooter
Timo,Kettunen,Taimou,Finlandia,61027.02,Overwatch,First-Person Shooter
Anssi,Pekkonen,mxey,Finlandia,341362.75,PUBG,Battle Royale
Samu,Kauppinen,Sambty,Finlandia,242483.15,PUBG,Battle Royale
Jere,Kauppinen,Jembty,Finlandia,156140.25,PUBG,Battle Royale
Dan,Madesclaire,apEX,Francia,814852.39,Counter-Strike Global Offensive,First-Person Shooter
Nathan,Schmitt,NBK,Francia,805444.66,Counter-Strike Global Offensive,First-Person Shooter
Kenny,Schrub,kennyS,Francia,713086.68,Counter-Strike Global Offensive,First-Person Shooter
Richard,Papillon,shox,Francia,660640.55,Counter-Strike Global Offensive,First-Person Shooter
Cédric,Guipouy,RpK,Francia,498887.62,Counter-Strike Global Offensive,First-Person Shooter
Vincent,Schopenhauer,Happy,Francia,485910.46,Counter-Strike Global Offensive,First-Person Shooter
Fabien,Fiey,KIOSHIMA,Francia,378500.99,Counter-Strike Global Offensive,First-Person Shooter
Mathieu,Herbaut,ZywOo,Francia,333711.15,Counter-Strike Global Offensive,First-Person Shooter
Alexandre,Pianaro,bodyy,Francia,306178.43,Counter-Strike Global Offensive,First-Person Shooter
Christophe,Xia,SIXER,Francia,272602,Counter-Strike Global Offensive,First-Person Shooter
Edouard,Dubourdeaux,SmithZz,Francia,269446.78,Counter-Strike Global Offensive,First-Person Shooter
Francois,Delaunay,Amanek,Francia,233210.47,Counter-Strike Global Offensive,First-Person Shooter
Sébastien,Debs,Ceb,Francia,5554297.41,Dota 2,Multiplayer Online Battle Arena
Paul,Boyer,sOAZ,Francia,422314.79,League of Legends,Multiplayer Online Battle Arena
Bora,Kim,YellOwStaR,Francia,183976.33,League of Legends,Multiplayer Online Battle Arena
Clément,Danglot,Skite,Francia,850264.02,Fortnite,Battle Royale
Nathan,Berquignol,Nayte,Francia,474562.23,Fortnite,Battle Royale
Corentin,Tardif,Hunter,Francia,229464.98,Fortnite,Battle Royale
Alexandre,Christophe,Andilex,Francia,187095.73,Fortnite,Battle Royale
Maxime,Thomas,Blax,Francia,152619.67,Fortnite,Battle Royale
Victor,Lopez,TheVic,Francia,144507.88,Fortnite,Battle Royale
Nicolas,Frejavise,Nikof,Francia,137954,Fortnite,Battle Royale
Gael,Gouzerch,Poko,Francia,90439.44,Overwatch,First-Person Shooter
Terence,Tarlier,SoOn,Francia,90428.77,Overwatch,First-Person Shooter
Dylan,Bignet,aKm,Francia,54391.23,Overwatch,First-Person Shooter
Benjamin,Chevasson,unKOE,Francia,54391.23,Overwatch,First-Person Shooter
Jérome,Trinh,JayPL,Francia,229170.87,Heroes of the Storm,Multiplayer Online Battle Arena
Thomas,Cailleux,Ménè,Francia,145068.51,Heroes of the Storm,Multiplayer Online Battle Arena
Romain,Hermann,Shiv,Francia,74811.76,PUBG,Battle Royale
Damien,Valliant,Dahmien7,Francia,71349.2,PUBG,Battle Royale
Alex,McMeekin,ALEX,Regno Unito,245208.72,Counter-Strike Global Offensive,First-Person Shooter
Jaden,Ashman,Wolfiez,Regno Unito,1331128.07,Fortnite,Battle Royale
Kyle,Jackson,Mongraal,Regno Unito,673154.23,Fortnite,Battle Royale
Benjy David,Fish,BenjyFishy,Regno Unito,496429.32,Fortnite,Battle Royale
Calum,MacGillivray,itemm,Regno Unito,215605,Fortnite,Battle Royale
Jordan,Tucker,Tuckz,Regno Unito,134800,Fortnite,Battle Royale
Isaac,Charles,Boombox,Regno Unito,98285.03,Overwatch,First-Person Shooter
Daniel,Hathaway,FunnyAstro,Regno Unito,96906.13,Overwatch,First-Person Shooter
Seb,Barton,numlocked,Regno Unito,66306.23,Overwatch,First-Person Shooter
Joshua,Bennett,Snitch,Regno Unito,238798.57,Heroes of the Storm,Multiplayer Online Battle Arena
James,Baker,Bakery,Regno Unito,134818.57,Heroes of the Storm,Multiplayer Online Battle Arena
Lawrence,Harper,Atheroangel,Regno Unito,120263.57,Heroes of the Storm,Multiplayer Online Battle Arena
Alex,Gouge,vard,Regno Unito,134614.01,PUBG,Battle Royale
Michael,Wake,mykLe,Regno Unito,49287.5,PUBG,Battle Royale
Keiron,Prescott,Scoom,Gibilterra,126204.51,PUBG,Battle Royale
Kurtis Wai Kin,Lau,Toyz,Hong Kong,224722.01,League of Legends,Multiplayer Online Battle Arena
Nate,Kou,Kreo,Hong Kong,1200043.07,Fortnite,Battle Royale
Luka,Perković,PerkZ,Croazia,471280.47,League of Legends,Multiplayer Online Battle Arena
Ivan,Koturić,Sportbilly,Croazia,72193.01,Heroes of the Storm,Multiplayer Online Battle Arena
Justin,McNally,MiracU,Irlanda,133114.01,PUBG,Battle Royale
Tal,Aizik,Fly,Israele,2381155.91,Dota 2,Multiplayer Online Battle Arena
Josh,Corona,Eqo,Israele,83532.82,Overwatch,First-Person Shooter
Amer,Al-Barkawi,Miracle-,Giordania,4798043.68,Dota 2,Multiplayer Online Battle Arena
Yazied,Jaradat,YapzOr,Giordania,1533698.67,Dota 2,Multiplayer Online Battle Arena
Sean,Henderson,ta1yo,Giappone,164025.25,Overwatch,First-Person Shooter
Yong Min,Kim,Febby,Corea del Sud,602221.88,Dota 2,Multiplayer Online Battle Arena
Sunyeob,Kim,QO,Corea del Sud,591322.79,Dota 2,Multiplayer Online Battle Arena
Noah,Pyo,MP,Corea del Sud,591176.77,Dota 2,Multiplayer Online Battle Arena
Sang Hyeok,Lee,Faker,Corea del Sud,1257615.87,League of Legends,Multiplayer Online Battle Arena
Ho Seong,Lee,Duke,Corea del Sud,954620.62,League of Legends,Multiplayer Online Battle Arena
Jun Sik,Bae,Bang,Corea del Sud,915451.46,League of Legends,Multiplayer Online Battle Arena
Jae Wan,Lee,Wolf,Corea del Sud,913084.7,League of Legends,Multiplayer Online Battle Arena
Seong Ung,Bae,Bengi,Corea del Sud,810683,League of Legends,Multiplayer Online Battle Arena
Eui Jin,Song,Rookie,Corea del Sud,610445.7,League of Legends,Multiplayer Online Battle Arena
Sun Gu,Kang,Blank,Corea del Sud,559518.75,League of Legends,Multiplayer Online Battle Arena
Jo,Yong-in,CoreJJ,Corea del Sud,556087.84,League of Legends,Multiplayer Online Battle Arena
Chan Yong,Kang,Ambition,Corea del Sud,553234.2,League of Legends,Multiplayer Online Battle Arena
Dong Geun,Kang,TheShy,Corea del Sud,538444.86,League of Legends,Multiplayer Online Battle Arena
Se Hyeong,Cho,Mata,Corea del Sud,533979.52,League of Legends,Multiplayer Online Battle Arena
Jae Hyuk,Park,Ruler,Corea del Sud,526957.64,League of Legends,Multiplayer Online Battle Arena
Jung,Eon-yeong,Impact,Corea del Sud,515306.14,League of Legends,Multiplayer Online Battle Arena
Seong Jin,Lee,CuVee,Corea del Sud,488379.08,League of Legends,Multiplayer Online Battle Arena
Min Ho,Lee,Crown,Corea del Sud,483747.81,League of Legends,Multiplayer Online Battle Arena
Wang Ho,Han,Peanut,Corea del Sud,479060.15,League of Legends,Multiplayer Online Battle Arena
Won Seok,Heo,PawN,Corea del Sud,440580.94,League of Legends,Multiplayer Online Battle Arena
Hyuk Kyu,Kim,Deft,Corea del Sud,409144.64,League of Legends,Multiplayer Online Battle Arena
Jong In,Kim,PraY,Corea del Sud,374778.08,League of Legends,Multiplayer Online Battle Arena
Min Seung,Kang,Haru,Corea del Sud,348691.73,League of Legends,Multiplayer Online Battle Arena
Seung Hoon,Heo,Huni,Corea del Sud,347699.25,League of Legends,Multiplayer Online Battle Arena
Hyeong Seok,Jang,Looper,Corea del Sud,346307.48,League of Legends,Multiplayer Online Battle Arena
Tae Sang,Kim,doinb,Corea del Sud,330849.29,League of Legends,Multiplayer Online Battle Arena
Beom Hyeon,Kang,GorillA,Corea del Sud,329318.02,League of Legends,Multiplayer Online Battle Arena
Seung Bin,Gu,imp,Corea del Sud,318379.81,League of Legends,Multiplayer Online Battle Arena
Kyung Ho,Song,Smeb,Corea del Sud,300818.81,League of Legends,Multiplayer Online Battle Arena
In Kyu,Choi,DanDy,Corea del Sud,281150.19,League of Legends,Multiplayer Online Battle Arena
Seo Haeng,Lee,kurO,Corea del Sud,267646.88,League of Legends,Multiplayer Online Battle Arena
Han Saem,Kim,GimGoon,Corea del Sud,266509.03,League of Legends,Multiplayer Online Battle Arena
Gwang Jin,Chae,Piglet,Corea del Sud,265429.15,League of Legends,Multiplayer Online Battle Arena
Jeong Hyeon,Lee,PoohManDu,Corea del Sud,256771.39,League of Legends,Multiplayer Online Battle Arena
Ji Hoon,Lee,Easyhoon,Corea del Sud,249497.86,League of Legends,Multiplayer Online Battle Arena
Ye Chan,Lee,Scout,Corea del Sud,242290.45,League of Legends,Multiplayer Online Battle Arena
Dong Ha,Kim,Khan,Corea del Sud,232418.28,League of Legends,Multiplayer Online Battle Arena
Kyung Sup,Yoon,Zero,Corea del Sud,229438.65,League of Legends,Multiplayer Online Battle Arena
Gyeong Hwan,Jang,MaRin,Corea del Sud,219660.3,League of Legends,Multiplayer Online Battle Arena
Sung Joon,Jin,Mystic,Corea del Sud,189265.81,League of Legends,Multiplayer Online Battle Arena
Dong Bin,Go,Score,Corea del Sud,185512.99,League of Legends,Multiplayer Online Battle Arena
Sang Ook,Yoo,Ryu,Corea del Sud,184100.69,League of Legends,Multiplayer Online Battle Arena
Bo Seong,Gwak,Bdd,Corea del Sud,182877.42,League of Legends,Multiplayer Online Battle Arena
Gang Yun,Kim,Trick,Corea del Sud,177780.23,League of Legends,Multiplayer Online Battle Arena
Su,Heo,ShowMaker,Corea del Sud,177331.43,League of Legends,Multiplayer Online Battle Arena
Ha Gwon,Jang,Nuguri,Corea del Sud,176983.88,League of Legends,Multiplayer Online Battle Arena
Geon Bu,Kim,Canyon,Corea del Sud,174361.72,League of Legends,Multiplayer Online Battle Arena
Geon Hee,Cho,BeryL,Corea del Sud,170911.34,League of Legends,Multiplayer Online Battle Arena
Dong Wook,Lee,LokeN,Corea del Sud,170679.58,League of Legends,Multiplayer Online Battle Arena
Dae Han,Gi,Expect,Corea del Sud,165169.85,League of Legends,Multiplayer Online Battle Arena
Jong Su,Lee,Peterpan,Corea del Sud,147050,Fortnite,Battle Royale
Dong Jun,Kim,Rascal,Corea del Sud,331108.68,Overwatch,First-Person Shooter
Nam Joo,Kwon,Striker,Corea del Sud,327424.24,Overwatch,First-Person Shooter
Myeong Hwan,Yoo,smurf,Corea del Sud,322184.16,Overwatch,First-Person Shooter
Hyo Bin,Choi,ChoiHyoBin,Corea del Sud,319657.2,Overwatch,First-Person Shooter
Min Ki,Park,Viol2t,Corea del Sud,308901.19,Overwatch,First-Person Shooter
Jae Hee,Hong,Gesture,Corea del Sud,297730.97,Overwatch,First-Person Shooter
Joon Yeong,Park,Profit,Corea del Sud,297730.97,Overwatch,First-Person Shooter
Seung Tae,Choi,Bdosin,Corea del Sud,272689.65,Overwatch,First-Person Shooter
Joo Seok,Lee,Twilight,Corea del Sud,267391.59,Overwatch,First-Person Shooter
Jun Ho,Kim,Fury,Corea del Sud,222400.43,Overwatch,First-Person Shooter
Ji Hyuk,Kim,birdring,Corea del Sud,208453.84,Overwatch,First-Person Shooter
Won Sik,Jung,Closer,Corea del Sud,197480.74,Overwatch,First-Person Shooter
Jong Seok,Kim,NUS,Corea del Sud,188479.09,Overwatch,First-Person Shooter
Sung Jun,Kim,SLIME,Corea del Sud,186382.3,Overwatch,First-Person Shooter
Jong Yeol,Park,Saebyeolbe,Corea del Sud,176385.68,Overwatch,First-Person Shooter
Dong Gyu,Kim,Mano,Corea del Sud,168959.28,Overwatch,First-Person Shooter
Hye Sung,Kim,Libero,Corea del Sud,167420.62,Overwatch,First-Person Shooter
Choong Hui,Lee,Stitch,Corea del Sud,164396.18,Overwatch,First-Person Shooter
Sung Hyeon,Bang,JJoNak,Corea del Sud,163336.4,Overwatch,First-Person Shooter
Seon Chang,Lee,ANS,Corea del Sud,159911.85,Overwatch,First-Person Shooter
Tae-seong,Jeong,ANAMO,Corea del Sud,159757.11,Overwatch,First-Person Shooter
Dong Eun,Lee,Hooreg,Corea del Sud,157907.63,Overwatch,First-Person Shooter
Min Ho,Park,Architect,Corea del Sud,157289.9,Overwatch,First-Person Shooter
Jin Mo,Yang,tobi,Corea del Sud,157268.25,Overwatch,First-Person Shooter
Hyeon Woo,Choi,JJANU,Corea del Sud,156207.98,Overwatch,First-Person Shooter
Hyo Jong,Kim,Haksal,Corea del Sud,151472.42,Overwatch,First-Person Shooter
Tae Hong,Kim,Mek0,Corea del Sud,149547.3,Overwatch,First-Person Shooter
Do Hyun,Kim,pine,Corea del Sud,138012.28,Overwatch,First-Person Shooter
Min-hyuk,Choi,Michelle,Corea del Sud,131615.34,Overwatch,First-Person Shooter
Sang Beom,Park,BUMPER,Corea del Sud,128681.89,Overwatch,First-Person Shooter
Yeon Joon,Hong,ArK,Corea del Sud,113666.44,Overwatch,First-Person Shooter
Min Seo,Hwang,Marve1,Corea del Sud,111871.29,Overwatch,First-Person Shooter
Jun Woo,Kang,Void,Corea del Sud,110435.01,Overwatch,First-Person Shooter
Jae Min,Park,ILLICIT,Corea del Sud,108240.14,Overwatch,First-Person Shooter
Min Soo,Seo,SeoMinSoo,Corea del Sud,107535.84,Overwatch,First-Person Shooter
Dong Eon,Kim,Fits,Corea del Sud,104737.26,Overwatch,First-Person Shooter
Jun Geun,Kim,Rapel,Corea del Sud,104074.27,Overwatch,First-Person Shooter
Min Seong,Bae,diem,Corea del Sud,94244.74,Overwatch,First-Person Shooter
Yeon Kwan,Jeong,Nenne,Corea del Sud,91413.27,Overwatch,First-Person Shooter
Jae Hyeok,Lee,Carpe,Corea del Sud,91158.55,Overwatch,First-Person Shooter
Young Wan,Kim,Creative,Corea del Sud,90485.05,Overwatch,First-Person Shooter
Jang Hyeon,Hwang,TiZi,Corea del Sud,88443.76,Overwatch,First-Person Shooter
Joong Hwa,Song,janus,Corea del Sud,86293.32,Overwatch,First-Person Shooter
Byeong Seon,Kim,Fleta,Corea del Sud,86277.6,Overwatch,First-Person Shooter
Je Hong,Ryu,Ryujehong,Corea del Sud,85804.45,Overwatch,First-Person Shooter
Yeon Oh,Hwang,Fl0w3R,Corea del Sud,83235.77,Overwatch,First-Person Shooter
Min Chul,Kim,Izayaki,Corea del Sud,82630.1,Overwatch,First-Person Shooter
Su Min,Kim,SADO,Corea del Sud,82032.82,Overwatch,First-Person Shooter
Seong Hyeon,Yang,Luffy,Corea del Sud,81363.59,Overwatch,First-Person Shooter
Min Seok,Kwon,AimGod,Corea del Sud,78260.01,Overwatch,First-Person Shooter
Chang Hoon,Gye,r0ar,Corea del Sud,78144.21,Overwatch,First-Person Shooter
Gui Un,Jang,Decay,Corea del Sud,77756.89,Overwatch,First-Person Shooter
Seung Joon,Lee,Whoru,Corea del Sud,75756.09,Overwatch,First-Person Shooter
Jin Hyeok,Yang,DDing,Corea del Sud,74902.37,Overwatch,First-Person Shooter
Jae Gon,Lee,LeeJaeGon,Corea del Sud,74175.89,Overwatch,First-Person Shooter
Kyung Ho,Kim,Alarm,Corea del Sud,73478.37,Overwatch,First-Person Shooter
Joon Hyuk,Kim,zunba,Corea del Sud,72886.36,Overwatch,First-Person Shooter
Se Yeon,Kim,Geguri,Corea del Sud,70298.68,Overwatch,First-Person Shooter
Hong Joon,Choi,HOTBA,Corea del Sud,68984.11,Overwatch,First-Person Shooter
Da Un,Jeong,NoSmite,Corea del Sud,67246.48,Overwatch,First-Person Shooter
Joon,Jeong,Erster,Corea del Sud,66165.46,Overwatch,First-Person Shooter
Hee Su,Jeong,Heesu,Corea del Sud,64783.08,Overwatch,First-Person Shooter
Ho Jin,Park,IDK,Corea del Sud,61950.86,Overwatch,First-Person Shooter
Ji Won,Seo,Stand1,Corea del Sud,61459.02,Overwatch,First-Person Shooter
Pan Seung,Koo,FaTe,Corea del Sud,55538.23,Overwatch,First-Person Shooter
Hyeon Woo,Jo,HagoPeun,Corea del Sud,54290.66,Overwatch,First-Person Shooter
Eui Seok,Lee,Fearless,Corea del Sud,54215.94,Overwatch,First-Person Shooter
Byung Ho,Lee,Panker,Corea del Sud,54037.27,Overwatch,First-Person Shooter
Kyeon Bo,Kim,GodsB,Corea del Sud,53293.7,Overwatch,First-Person Shooter
Won Ho,Jeong,KyoCha,Corea del Sud,464560.82,Heroes of the Storm,Multiplayer Online Battle Arena
Jung Hyeog,Lee,sake,Corea del Sud,462790.78,Heroes of the Storm,Multiplayer Online Battle Arena
Jae Won,Lee,Rich,Corea del Sud,427923.28,Heroes of the Storm,Multiplayer Online Battle Arena
Jin Woo,Im,Reset,Corea del Sud,360093.52,Heroes of the Storm,Multiplayer Online Battle Arena
Woon Sung,Kang,Ttsst,Corea del Sud,353715.98,Heroes of the Storm,Multiplayer Online Battle Arena
Seung Chul,Kim,sCsC,Corea del Sud,239311.62,Heroes of the Storm,Multiplayer Online Battle Arena
Ji Hoon,Yoon,Sign,Corea del Sud,211104.46,Heroes of the Storm,Multiplayer Online Battle Arena
Jeong Ha,Lee,Jeongha,Corea del Sud,200447.42,Heroes of the Storm,Multiplayer Online Battle Arena
Tae Jun,Lee,merryday,Corea del Sud,184790.78,Heroes of the Storm,Multiplayer Online Battle Arena
Do Joon,Chae,Noblesse,Corea del Sud,164811.62,Heroes of the Storm,Multiplayer Online Battle Arena
Jae Hun,Jin,Lockdown,Corea del Sud,156959.11,Heroes of the Storm,Multiplayer Online Battle Arena
Seung Won,Kim,Swoy,Corea del Sud,151828.25,Heroes of the Storm,Multiplayer Online Battle Arena
Jin Su,Park,NachoJin,Corea del Sud,146932.17,Heroes of the Storm,Multiplayer Online Battle Arena
Tae Hoon,Kwon,Sniper,Corea del Sud,128659.74,Heroes of the Storm,Multiplayer Online Battle Arena
Yeong Hwan,Jing,Hide,Corea del Sud,123398.02,Heroes of the Storm,Multiplayer Online Battle Arena
Ju Dam,Park,dami,Corea del Sud,109714.8,Heroes of the Storm,Multiplayer Online Battle Arena
Ki Soo,Han,CrazymoviNG,Corea del Sud,93131.84,Heroes of the Storm,Multiplayer Online Battle Arena
Jun,Jang,Jun,Corea del Sud,92591.2,Heroes of the Storm,Multiplayer Online Battle Arena
Jong Hoon,Park,Hooligan,Corea del Sud,92397.81,Heroes of the Storm,Multiplayer Online Battle Arena
Dae Hyung,Lee,Hongcono,Corea del Sud,89214.8,Heroes of the Storm,Multiplayer Online Battle Arena
Jae Hyun,Park,JaeHyun,Corea del Sud,85836.53,Heroes of the Storm,Multiplayer Online Battle Arena
Hyun Tae,Kim,SDE,Corea del Sud,84500,Heroes of the Storm,Multiplayer Online Battle Arena
Jin Hwan,Kim,Magi,Corea del Sud,79790.68,Heroes of the Storm,Multiplayer Online Battle Arena
Sung Hyun,Moon,Good,Corea del Sud,70434.23,Heroes of the Storm,Multiplayer Online Battle Arena
Kyung Deok,Kim,duckdeok,Corea del Sud,63405.8,Heroes of the Storm,Multiplayer Online Battle Arena
Tae Seok,Oh,taeseok,Corea del Sud,57792,Heroes of the Storm,Multiplayer Online Battle Arena
Seong Min,Min,Darvish,Corea del Sud,55970.05,Heroes of the Storm,Multiplayer Online Battle Arena
Jae Yeop,Jeong,Frankle,Corea del Sud,50572.68,Heroes of the Storm,Multiplayer Online Battle Arena
Jeong Yeong,Bak,Loki,Corea del Sud,703953.94,PUBG,Battle Royale
Jeong Wan,Go,ESTH3R,Corea del Sud,610486.16,PUBG,Battle Royale
Seung Hoon,Cha,Pio,Corea del Sud,591248.41,PUBG,Battle Royale
Tae Min,Kang,Taemin,Corea del Sud,585598.46,PUBG,Battle Royale
In Jae,Kim,EscA,Corea del Sud,153763.01,PUBG,Battle Royale
Jang Hwan,Seong,seongjang,Corea del Sud,141342.32,PUBG,Battle Royale
Do-hoon,Seol,indigo,Corea del Sud,136120.04,PUBG,Battle Royale
Su Yong,Jeong,kAyle,Corea del Sud,135217.79,PUBG,Battle Royale
Min Ki,Kim,Chelator,Corea del Sud,127042.27,PUBG,Battle Royale
Young Hoon,Shim,Simsn,Corea del Sud,125722.18,PUBG,Battle Royale
Jong Ho,Lee,Starlord,Corea del Sud,104576.9,PUBG,Battle Royale
,,Menteul,Corea del Sud,102114.43,PUBG,Battle Royale
Rak Gwon,Chung,Hulk,Corea del Sud,101243.57,PUBG,Battle Royale
Do-hyun,Kim,Daengchae,Corea del Sud,100930.84,PUBG,Battle Royale
Hwan,Jang,Hwan2da,Corea del Sud,98090.7,PUBG,Battle Royale
,,BBABBO,Corea del Sud,75125.32,PUBG,Battle Royale
Jae Hyun,Han,SexyPIG,Corea del Sud,74885.91,PUBG,Battle Royale
Kyung Chul,Oh,style,Corea del Sud,70101.26,PUBG,Battle Royale
Bo Hyun,Kim,YaKK,Corea del Sud,67744.43,PUBG,Battle Royale
Do-gyeong,Kim,DoYa,Corea del Sud,67687.33,PUBG,Battle Royale
,,DG98,Corea del Sud,64255.11,PUBG,Battle Royale
Hyun Woo,Yoon,yoonroot,Corea del Sud,59165.88,PUBG,Battle Royale
Gil Do,Lee,Temeria,Corea del Sud,56496.7,PUBG,Battle Royale
Seung Sun,Lee,shadow,Corea del Sud,50137.37,PUBG,Battle Royale
,,Makne,Corea del Sud,48503.23,PUBG,Battle Royale
Dauren,Kystaubayev,AdreN,Kazakistan,414305.65,Counter-Strike Global Offensive,First-Person Shooter
Alexey,Golubev,Qikert,Kazakistan,275404.13,Counter-Strike Global Offensive,First-Person Shooter
Rustem,Tlepov,mou,Kazakistan,273859.49,Counter-Strike Global Offensive,First-Person Shooter
Timur,Tulepov,Buster,Kazakistan,273784.13,Counter-Strike Global Offensive,First-Person Shooter
Abay,Khasenov,HObbit,Kazakistan,269977.5,Counter-Strike Global Offensive,First-Person Shooter
Maroun,Merhej,GH,Libano,4193412.69,Dota 2,Multiplayer Online Battle Arena
Zygimantas,Navickas,Redrush,Lituania,139936.26,Fortnite,Battle Royale
Laurynas,Rudys,Gaxy,Lituania,94926.51,PUBG,Battle Royale
Domeniks,Bunts,Domentos,Lettonia,269887.84,Fortnite,Battle Royale
Martin,Sazdov,Saksa,Macedonia,1046689.75,Dota 2,Multiplayer Online Battle Arena
Fa Ming,Liang,DDC,Macao,1337308.37,Dota 2,Multiplayer Online Battle Arena
Jianwei,Yap,xNova,Malesia,1882492.98,Dota 2,Multiplayer Online Battle Arena
Yeik Nai,Zheng,MidOne,Malesia,1781891.47,Dota 2,Multiplayer Online Battle Arena
Yee Fung,Chai,Mushi,Malesia,1023582.18,Dota 2,Multiplayer Online Battle Arena
Tue Soon,Chuan,Ah-fu,Malesia,781396.55,Dota 2,Multiplayer Online Battle Arena
Hock Chuan,Wong,ChuaN,Malesia,714049.53,Dota 2,Multiplayer Online Battle Arena
Chris,de Jong,chrisJ,Olanda,596748.79,Counter-Strike Global Offensive,First-Person Shooter
Dave,Jong,Rojo,Olanda,1213576.66,Fortnite,Battle Royale
Dmitri,Van de Vrie,Mitr0,Olanda,775574.81,Fortnite,Battle Royale
Sven,Edelenbosch,Svennoss,Olanda,205008.33,Fortnite,Battle Royale
Jord,van Geldere,Ibiza,Olanda,229095.65,PUBG,Battle Royale
Håvard,Nygaard,rain,Norvegia,763799.57,Counter-Strike Global Offensive,First-Person Shooter
Emil,Bergquist Pedersen,Nyhrox,Norvegia,1536845.69,Fortnite,Battle Royale
Martin,Foss,MrSavage,Norvegia,271316.73,Fortnite,Battle Royale
Patrik,Zaharchenko,Pate1k,Norvegia,207201.06,Fortnite,Battle Royale
Endre,Byre,Endretta,Norvegia,176803.33,Fortnite,Battle Royale
Niklas,Skogheim,Cursen,Norvegia,67862.48,Heroes of the Storm,Multiplayer Online Battle Arena
Ludvik,Jahnsen,Aitzy,Norvegia,282450.25,PUBG,Battle Royale
Jim,Eliassen,Jeemzz,Norvegia,230595.65,PUBG,Battle Royale
Djardel Jicko,Mampusti,DJ,Filippine,798597.31,Dota 2,Multiplayer Online Battle Arena
Timothy,Randrup,Tims,Filippine,770563.75,Dota 2,Multiplayer Online Battle Arena
Kuku,Palad,KuKU,Filippine,710464.63,Dota 2,Multiplayer Online Battle Arena
Marc Polo,Luis Fausto,Raven,Filippine,609393.1,Dota 2,Multiplayer Online Battle Arena
Jake,Puchero,Xmithie,Filippine,260170.9,League of Legends,Multiplayer Online Battle Arena
Magno,Ramos,Pr0phie,Filippine,131989.19,PUBG,Battle Royale
Sumail,Hassan,SumaiL,Pakistan,3608317.34,Dota 2,Multiplayer Online Battle Arena
Janusz,Pogorzelski,snax,Polonia,653938.44,Counter-Strike Global Offensive,First-Person Shooter
Filip,Kubski,neo,Polonia,606880.52,Counter-Strike Global Offensive,First-Person Shooter
Wiktor,Wojtas,TaZ,Polonia,591510.89,Counter-Strike Global Offensive,First-Person Shooter
Jarosław,Jarząbkowski,pashaBiceps,Polonia,577382.35,Counter-Strike Global Offensive,First-Person Shooter
Paweł,Bieliński,byali,Polonia,574103.56,Counter-Strike Global Offensive,First-Person Shooter
Damian,Kisłowski,Furlan,Polonia,244070.27,Counter-Strike Global Offensive,First-Person Shooter
Karol,Rodowicz,rallen,Polonia,234332.17,Counter-Strike Global Offensive,First-Person Shooter
Michał,Jankowski,Nisha,Polonia,933853.71,Dota 2,Multiplayer Online Battle Arena
Marcin,Jankowski,Jankos,Polonia,403320.75,League of Legends,Multiplayer Online Battle Arena
Adrian,Wójcik,adrd,Polonia,103282.92,Heroes of the Storm,Multiplayer Online Battle Arena
Aliwi,Omar,w33,Romania,2275625.58,Dota 2,Multiplayer Online Battle Arena
Egor,Vasilyev,flamie,Russia,732920.07,Counter-Strike Global Offensive,First-Person Shooter
Denis,Sharipov,electroNic,Russia,531541.99,Counter-Strike Global Offensive,First-Person Shooter
Denis,Kostin,seized,Russia,339091.34,Counter-Strike Global Offensive,First-Person Shooter
Mikhail,Stolyarov,Dosia,Russia,307601.25,Counter-Strike Global Offensive,First-Person Shooter
Ali,Dzhami,Jame,Russia,273117.72,Counter-Strike Global Offensive,First-Person Shooter
Roman,Kushnarev,RAMZES666,Russia,1787796.92,Dota 2,Multiplayer Online Battle Arena
Alexei,Berezin,Solo,Russia,1778125.61,Dota 2,Multiplayer Online Battle Arena
Pavel,Khvastunov,9pasha,Russia,1713179.57,Dota 2,Multiplayer Online Battle Arena
Vladimir,Nikogosyan,RodjER,Russia,1325834.13,Dota 2,Multiplayer Online Battle Arena
Yan,Kaur,Fwexy,Russia,193787.59,Fortnite,Battle Royale
Mark,Danilov,Letw1k3,Russia,189482.52,Fortnite,Battle Royale
Jamal,Saidayev,Jamside,Russia,172779.7,Fortnite,Battle Royale
George,Gushcha,ShaDowBurn,Russia,63953.84,Overwatch,First-Person Shooter
Ivan,Kapustin,ubah,Russia,325558.75,PUBG,Battle Royale
Roman,Zinoviev,ADOUZ1E,Russia,106225,PUBG,Battle Royale
Arsenii,Ivanychev,ceh9,Russia,104675,PUBG,Battle Royale
Vadim,Ulshin,POKAMOLODOY,Russia,104671.25,PUBG,Battle Royale
Andrey,Ionov,Bestoloch,Russia,78800,PUBG,Battle Royale
Alexey,Trufanov,0nuqtive,Russia,58458.75,PUBG,Battle Royale
Jesper,Wecksell,JW,Svezia,897760.68,Counter-Strike Global Offensive,First-Person Shooter
Olof,Kajbjer,olofmeister,Svezia,880011.52,Counter-Strike Global Offensive,First-Person Shooter
Robin,Rönnquist,flusha,Svezia,877668.95,Counter-Strike Global Offensive,First-Person Shooter
Freddy,Johansson,KRiMZ,Svezia,867823.34,Counter-Strike Global Offensive,First-Person Shooter
Patrik,Lindberg,f0rest,Svezia,547205.97,Counter-Strike Global Offensive,First-Person Shooter
Christopher,Alesund,GeT_RiGhT,Svezia,517888.39,Counter-Strike Global Offensive,First-Person Shooter
Richard,Landström,Xizt,Svezia,513805.74,Counter-Strike Global Offensive,First-Person Shooter
Jonas,Olofsson,Lekr0,Svezia,464499.26,Counter-Strike Global Offensive,First-Person Shooter
Maikil,Selim,Golden,Svezia,448642.48,Counter-Strike Global Offensive,First-Person Shooter
Adam,Friberg,friberg,Svezia,407662.41,Counter-Strike Global Offensive,First-Person Shooter
Dennis,Edman,dennis,Svezia,361678.02,Counter-Strike Global Offensive,First-Person Shooter
Fredrik,Sterner,REZ,Svezia,284845.29,Counter-Strike Global Offensive,First-Person Shooter
Simon,Eliasson,twist,Svezia,260721.09,Counter-Strike Global Offensive,First-Person Shooter
Gustav,Magnusson,s4,Svezia,2545626.14,Dota 2,Multiplayer Online Battle Arena
Ludwig,Wåhlberg,Zai,Svezia,2504134.31,Dota 2,Multiplayer Online Battle Arena
Johan,Åström,pieliedie,Svezia,989390.86,Dota 2,Multiplayer Online Battle Arena
Jonathan,Berg,Loda,Svezia,698363.52,Dota 2,Multiplayer Online Battle Arena
Jerry,Lundqvist,EGM,Svezia,679039.12,Dota 2,Multiplayer Online Battle Arena
Joakim,Akterhall,Akke,Svezia,643143.08,Dota 2,Multiplayer Online Battle Arena
Henrik,Ahnberg,AdmiralBulldog,Svezia,638938.79,Dota 2,Multiplayer Online Battle Arena
Martin,Larsson,Rekkles,Svezia,438830.14,League of Legends,Multiplayer Online Battle Arena
Petter,Freyschuss,Hjärnan,Svezia,160818.8,League of Legends,Multiplayer Online Battle Arena
Theo,Ferrer,Crue,Svezia,715350,Fortnite,Battle Royale
Felix,Hortlund,Wakie,Svezia,174439.58,Fortnite,Battle Royale
Pontus,Bucht,Tchub,Svezia,172400,Fortnite,Battle Royale
Alexander,Zayedli,Znappy,Svezia,159160.84,Fortnite,Battle Royale
Moussa,Faour,Chapix,Svezia,136820,Fortnite,Battle Royale
Andreas,Karlsson,Nevix,Svezia,180755.36,Overwatch,First-Person Shooter
Simon,Ekström,snillo,Svezia,81812.25,Overwatch,First-Person Shooter
Sebastian,Widlund,chipshajen,Svezia,56549.85,Overwatch,First-Person Shooter
Jonathan,Gunnarsson,Wubby,Svezia,264826.14,Heroes of the Storm,Multiplayer Online Battle Arena
Simon,Svensson,Schwimpi,Svezia,191647.23,Heroes of the Storm,Multiplayer Online Battle Arena
Pontus,Sjogren,Breez,Svezia,187978.31,Heroes of the Storm,Multiplayer Online Battle Arena
Filip,Liljeström,Smexystyle,Svezia,184411.26,Heroes of the Storm,Multiplayer Online Battle Arena
Dob,Engström,QuackNiix,Svezia,180964.31,Heroes of the Storm,Multiplayer Online Battle Arena
Vilhem,Flennmark,POILK,Svezia,114751.8,Heroes of the Storm,Multiplayer Online Battle Arena
Benjamin,Eekenulv,BadBenny,Svezia,76798.88,Heroes of the Storm,Multiplayer Online Battle Arena
David,Tillberg,fuzzface,Svezia,344350.25,PUBG,Battle Royale
Adrian,Blom,Haxete,Svezia,62654.51,PUBG,Battle Royale
Daryl Pei Xiang,Koh,iceiceice,Singapore,1553261.96,Dota 2,Multiplayer Online Battle Arena
Mihael,Mehle,Mikyx,Slovenia,220292.5,League of Legends,Multiplayer Online Battle Arena
Tai,Starčič,TaySon,Slovenia,200130,Fortnite,Battle Royale
,,K1nzell,Slovenia,167697.53,Fortnite,Battle Royale
Matic,Mikec,Zarmony,Slovenia,75978.57,Heroes of the Storm,Multiplayer Online Battle Arena
Ladislav,Kovács,GuardiaN,Slovacchia,798520.8,Counter-Strike Global Offensive,First-Person Shooter
Martin,Styk,STYKO,Slovacchia,305655.12,Counter-Strike Global Offensive,First-Person Shooter
David,Čerňanský,frozen,Slovacchia,265131.4,Counter-Strike Global Offensive,First-Person Shooter
Katanyu,Chinsorranan,DUCKMANZ,Thailandia,47602.61,PUBG,Battle Royale
Can,Dörtkardes,XANTARES,Turchia,307129.97,Counter-Strike Global Offensive,First-Person Shooter
Özgür,Eker,woxic,Turchia,302884.33,Counter-Strike Global Offensive,First-Person Shooter
Ömer,Develi,Iroh,Turchia,85243.75,PUBG,Battle Royale
Hau Hsuan,Hung,Karsa,Taiwan,538926.12,League of Legends,Multiplayer Online Battle Arena
Shuo Jie,Hu,SwordArt,Taiwan,337163.36,League of Legends,Multiplayer Online Battle Arena
Bo Wei,Cheng,bebe,Taiwan,286115.32,League of Legends,Multiplayer Online Battle Arena
Yi Tang,Huang,Maple,Taiwan,240437.63,League of Legends,Multiplayer Online Battle Arena
June Tsan,Wang,Stanley,Taiwan,225522.01,League of Legends,Multiplayer Online Battle Arena
Kuan Po,Sung,Lilballz,Taiwan,217429.72,League of Legends,Multiplayer Online Battle Arena
Hui Chung,Chen,MiSTakE,Taiwan,216539.83,League of Legends,Multiplayer Online Battle Arena
Yu Hung,Lu,Betty,Taiwan,177478.08,League of Legends,Multiplayer Online Battle Arena
Yu Yen,Su,GoDDog,Taiwan,65965.06,Heroes of the Storm,Multiplayer Online Battle Arena
Chun Yu,Wu,Alphaluna,Taiwan,53541,Heroes of the Storm,Multiplayer Online Battle Arena
Daniil,Teslenko,Zeus,Ucraina,689568.7,Counter-Strike Global Offensive,First-Person Shooter
Alexander,Kostylev,s1mple,Ucraina,677155.31,Counter-Strike Global Offensive,First-Person Shooter
Ioann,Sukharev,Edward,Ucraina,613854.6,Counter-Strike Global Offensive,First-Person Shooter
Vladimir,Minenko,Noone,Ucraina,1617323.45,Dota 2,Multiplayer Online Battle Arena
Roman,Fominok,Resolut1on,Ucraina,1460470.75,Dota 2,Multiplayer Online Battle Arena
Ilya,Ilyuk,Lil,Ucraina,917449.86,Dota 2,Multiplayer Online Battle Arena
Danil,Ishutin,Dendi,Ucraina,801915.23,Dota 2,Multiplayer Online Battle Arena
Oleksandr,Dashkevych,XBOCT,Ucraina,661271.48,Dota 2,Multiplayer Online Battle Arena
Jakey,Yip,Stewie2k,Stati Uniti,1087340,Counter-Strike Global Offensive,First-Person Shooter
Jonathan,Jablonowski,ELiGE,Stati Uniti,930696.42,Counter-Strike Global Offensive,First-Person Shooter
Nick,Cannella,nitr0,Stati Uniti,920151.73,Counter-Strike Global Offensive,First-Person Shooter
Tarik,Celik,tarik,Stati Uniti,780039.21,Counter-Strike Global Offensive,First-Person Shooter
Will,Wierzba,Rush,Stati Uniti,586616,Counter-Strike Global Offensive,First-Person Shooter
Timothy,Ta,autimatic,Stati Uniti,449799.56,Counter-Strike Global Offensive,First-Person Shooter
Tyler,Latham,Skadoodle,Stati Uniti,437479.98,Counter-Strike Global Offensive,First-Person Shooter
Vincent,Cayonte,Brehze,Stati Uniti,391973.94,Counter-Strike Global Offensive,First-Person Shooter
Ethan,Arnold,nahtE,Stati Uniti,389680.38,Counter-Strike Global Offensive,First-Person Shooter
Jordan,Gilbert,n0thing,Stati Uniti,239956.42,Counter-Strike Global Offensive,First-Person Shooter
Saahil,Arora,UNiVeRsE,Stati Uniti,3057237.67,Dota 2,Multiplayer Online Battle Arena
Peter,Dager,ppd,Stati Uniti,2995619.62,Dota 2,Multiplayer Online Battle Arena
Clinton,Loomis,Fear,Stati Uniti,2551657.34,Dota 2,Multiplayer Online Battle Arena
David,Hull,Moo,Stati Uniti,822916.86,Dota 2,Multiplayer Online Battle Arena
Peter,Peng,Doublelift,Stati Uniti,306475.81,League of Legends,Multiplayer Online Battle Arena
Zachary,Scuderi,Sneaky,Stati Uniti,282456.48,League of Legends,Multiplayer Online Battle Arena
Kyle,Giersdorf,Bugha,Stati Uniti,3141395.05,Fortnite,Battle Royale
Harrison,Chang,psalm,Stati Uniti,1873138.8,Fortnite,Battle Royale
Shane,Cotton,EpikWhale,Stati Uniti,1349767.32,Fortnite,Battle Royale
Rocco,Morales,Saf,Stati Uniti,1126345.35,Fortnite,Battle Royale
Davis,McClellan,Ceice,Stati Uniti,1109880.47,Fortnite,Battle Royale
Hayden,Krueger,Elevate,Stati Uniti,991583.2,Fortnite,Battle Royale
Timothy,Miller,Bizzle,Stati Uniti,615626.39,Fortnite,Battle Royale
Diego,Lima,Arkhram,Stati Uniti,608416.68,Fortnite,Battle Royale
Turner,Tenney,Tfue,Stati Uniti,594850,Fortnite,Battle Royale
Anthony,Colandro,ZexRow,Stati Uniti,506099.73,Fortnite,Battle Royale
Brendan,Falconer,Falconer,Stati Uniti,482850,Fortnite,Battle Royale
Daniel,Walsh,Dubs,Stati Uniti,468099.99,Fortnite,Battle Royale
Dennis,Lepore,Cloakzy,Stati Uniti,437975,Fortnite,Battle Royale
Nate,Hill,Nate Hill,Stati Uniti,437369.11,Fortnite,Battle Royale
Noah,Wright,Vivid,Stati Uniti,417366.67,Fortnite,Battle Royale
Noam,Ackenine,Megga,Stati Uniti,381283.32,Fortnite,Battle Royale
River,Handley,Riversan,Stati Uniti,360841.67,Fortnite,Battle Royale
Vinny,Gilgan,Vinny,Stati Uniti,350238.8,Fortnite,Battle Royale
Jack,,Cizzorz,Stati Uniti,345750,Fortnite,Battle Royale
Ryan,Chaplo,Chap,Stati Uniti,341066.67,Fortnite,Battle Royale
Jake,Brumleve,Poach,Stati Uniti,324900,Fortnite,Battle Royale
Trevor,Siegler,FunkBomb,Stati Uniti,315616.67,Fortnite,Battle Royale
Thomas,Mulligan,72hrs,Stati Uniti,310008.33,Fortnite,Battle Royale
Malachi,Greiner,Reverse2k,Stati Uniti,255546.92,Fortnite,Battle Royale
Cody,Conrod,Clix,Stati Uniti,250968.08,Fortnite,Battle Royale
Austin,Etue,Morgausse,Stati Uniti,250938.56,Fortnite,Battle Royale
Mack,Aesoph,MackWood,Stati Uniti,250525,Fortnite,Battle Royale
Dylan,Moore,Dmo,Stati Uniti,243025,Fortnite,Battle Royale
Jonathan,Weber,yung calculator,Stati Uniti,229850.77,Fortnite,Battle Royale
Josh,Roach,Commandment,Stati Uniti,221752.32,Fortnite,Battle Royale
Keenan,Santos,Rhux,Stati Uniti,217500,Fortnite,Battle Royale
Nick,McGuire,Aspect,Stati Uniti,215391.67,Fortnite,Battle Royale
Julio Cesar,Nevarez,Pika,Stati Uniti,182950,Fortnite,Battle Royale
Aydan,Conrad,Aydan,Stati Uniti,172583.33,Fortnite,Battle Royale
Dominick,Green,Unknown,Stati Uniti,159833.35,Fortnite,Battle Royale
Ben,Peterson,Edgey,Stati Uniti,153868.98,Fortnite,Battle Royale
Anthony,Waller,Tendons,Stati Uniti,150900,Fortnite,Battle Royale
,,Furious,Stati Uniti,143908.34,Fortnite,Battle Royale
Tyler,Blevins,Ninja,Stati Uniti,142413.56,Fortnite,Battle Royale
,,4DRStorm,Stati Uniti,141158.34,Fortnite,Battle Royale
Mason,Lanier,Symfuhny,Stati Uniti,139866.67,Fortnite,Battle Royale
Grant,Espe,Moth,Stati Uniti,314548.25,Overwatch,First-Person Shooter
Matthew,DeLisi,super,Stati Uniti,312948.02,Overwatch,First-Person Shooter
Jay,Won,sinatraa,Stati Uniti,164363.81,Overwatch,First-Person Shooter
Blake,Scott,Gator,Stati Uniti,69918.09,Overwatch,First-Person Shooter
Indy,Halpern,SPACE,Stati Uniti,55453.17,Overwatch,First-Person Shooter
Fan,Yang,Fan,Stati Uniti,149291.76,Heroes of the Storm,Multiplayer Online Battle Arena
John Paul,Lopez,KingCaffeine,Stati Uniti,138297.16,Heroes of the Storm,Multiplayer Online Battle Arena
Keiwan,Itakura,k1,Stati Uniti,138237.16,Heroes of the Storm,Multiplayer Online Battle Arena
Mike,Fisk,Glaurung,Stati Uniti,97856.2,Heroes of the Storm,Multiplayer Online Battle Arena
Chris,Buechter,Zuna,Stati Uniti,94813.8,Heroes of the Storm,Multiplayer Online Battle Arena
Manny,Medina,Fury,Stati Uniti,89529.34,Heroes of the Storm,Multiplayer Online Battle Arena
Harrison,Chang,psalm,Stati Uniti,80661.2,Heroes of the Storm,Multiplayer Online Battle Arena
Ricardo,Marques,DunkTrain,Stati Uniti,77997.16,Heroes of the Storm,Multiplayer Online Battle Arena
Stafford,Mcintyre,McIntyre,Stati Uniti,73817.6,Heroes of the Storm,Multiplayer Online Battle Arena
Taylor,Eder,Arthelon,Stati Uniti,73072.6,Heroes of the Storm,Multiplayer Online Battle Arena
Rori,Bryant-Raible,CauthonLuck,Stati Uniti,67720,Heroes of the Storm,Multiplayer Online Battle Arena
Sammuel,Hua,bigempct,Stati Uniti,66663.8,Heroes of the Storm,Multiplayer Online Battle Arena
Stefen,Anderson,akaface,Stati Uniti,64763.4,Heroes of the Storm,Multiplayer Online Battle Arena
Michael,Udall,MichaelUdall,Stati Uniti,64763.4,Heroes of the Storm,Multiplayer Online Battle Arena
Chandler,Gavran,Buds,Stati Uniti,64742.6,Heroes of the Storm,Multiplayer Online Battle Arena
Justin,Gapp,Justing,Stati Uniti,64742.6,Heroes of the Storm,Multiplayer Online Battle Arena
Khalif,Hashim,Khroen,Stati Uniti,63634.48,Heroes of the Storm,Multiplayer Online Battle Arena
Thomas,Maguire,Tomster,Stati Uniti,51663.14,Heroes of the Storm,Multiplayer Online Battle Arena
Josh,Choi,bkid,Stati Uniti,51453.4,Heroes of the Storm,Multiplayer Online Battle Arena
Logan,Heckman,Zanpah,Stati Uniti,130989.58,PUBG,Battle Royale
Mike,Gariti,Sharky,Stati Uniti,127694.75,PUBG,Battle Royale
Diondre,Bond,YaBoiDre,Stati Uniti,103739.58,PUBG,Battle Royale
Ben,Wheeler,Nerf,Stati Uniti,93098,PUBG,Battle Royale
Timothy,Ebarb,Uncivil,Stati Uniti,86853.44,PUBG,Battle Royale
Hunter,Winn,hwinn,Stati Uniti,85032.94,PUBG,Battle Royale
Kurtis,Bond,Purdy,Stati Uniti,84148.44,PUBG,Battle Royale
Kevin,Linn,Miccoy,Stati Uniti,82233.44,PUBG,Battle Royale
Aaron,Lommen,aLOW,Stati Uniti,81023.44,PUBG,Battle Royale
Tristan,Nowicky,Shrimzy,Stati Uniti,63736.69,PUBG,Battle Royale
Jace,Patras,Voxsic,Stati Uniti,53388.44,PUBG,Battle Royale
Patrick,Kaplan,PAT KAPS,Stati Uniti,51048.44,PUBG,Battle Royale
Jake,Winant,Snakers,Stati Uniti,47078.32,PUBG,Battle Royale
Sanjar,Kuliev,SANJI,Uzbekistan,232167.42,Counter-Strike Global Offensive,First-Person Shooter
,,Leviz,Vietnam,58725.83,PUBG,Battle Royale